<?xml version="1.0" encoding="UTF-8"?>
<profile>
	<DocInfo>
		<SavePath>C:\My PDF</SavePath>
		<FileExistMode>0</FileExistMode>
		<CanOpenFolder>true</CanOpenFolder>
		<CanAddInfoToDoc>false</CanAddInfoToDoc>
		<DocTitle/>
		<DocSubject/>
		<DocAuthor/>
		<DocKeyword/>
	</DocInfo>
	<Watermarks>
		<AddWatermarks>false</AddWatermarks>
		<WatermarksMode>0</WatermarksMode>
		<WatermarksText/>
		<TextFontname>Tahoma</TextFontname>
		<TextFontcolor>0</TextFontcolor>
		<TextFontsize>8</TextFontsize>
		<TextFontcharset>1</TextFontcharset>
		<TextFontstyle>0</TextFontstyle>
		<ImageWatermarksPath/>
		<WatermarkOpacity>100</WatermarkOpacity>
		<WatermarksRotation>0</WatermarksRotation>
		<WatermarksOffsetUnits>0</WatermarksOffsetUnits>
		<WatermarksOffsetLeft>0</WatermarksOffsetLeft>
		<WatermarksOffsetTop>0</WatermarksOffsetTop>
	</Watermarks>
	<Security>
		<EnabledPassword>false</EnabledPassword>
		<RequirePassword>false</RequirePassword>
		<OpenPassword/>
		<RequirePermission>false</RequirePermission>
		<PermissionPassword/>
		<EnabledCopy>false</EnabledCopy>
		<EnabledPrint>false</EnabledPrint>
		<EncryptAlogrithm>0</EncryptAlogrithm>
	</Security>
</profile>
